<?xml version="1.0" encoding="utf-8"?>
<!DOCTYPE install PUBLIC "-//Joomla! 2.5//DTD template 1.0//EN" "http://www.joomla.org/xml/dtd/1.6/template-install.dtd">
<extension version="3.0" type="template" client="site" method="upgrade">
	<name>Lyquix</name>
	<creationDate>2018-09-01</creationDate>
	<author>Lyquix</author>
	<authorEmail>info@lyquix.com</authorEmail>
	<authorUrl>http://www.lyquix.com</authorUrl>
	<copyright>Copyright(c) 2014-2018 Lyquix</copyright>
	<license></license>
	<version>2.0.0-beta-5</version>
	<description>Lyquix Template 2.x for Joomla 3.x</description>
	<files>
		<folder>css</folder>
		<folder>docs</folder>
		<folder>fonts</folder>
		<folder>html</folder>
		<folder>images</folder>
		<folder>js</folder>
		<folder>php</folder>

		<filename>.htaccess</filename>
		<filename>component.php</filename>
		<filename>custom.dist.php</filename>
		<filename>gulpfile.js</filename>
		<filename>index.php</filename>
		<filename>package.json</filename>
		<filename>raw.php</filename>
		<filename>README.md</filename>
		<filename>templateDetails.xml</filename>
		<filename>template_preview.png</filename>
		<filename>template_thumbnail.png</filename>
	</files>
	<positions>
		<position>head-scripts</position>
		<position>body-scripts</position>

		<position>header</position>
		<position>nav-header</position>
		<position>util</position>
		<position>top</position>

		<position>left</position>
		<position>center</position>
		<position>right</position>

		<position>before</position>
		<position>after</position>

		<position>aside</position>
		<position>prev</position>
		<position>next</position>

		<position>footer</position>
		<position>nav-footer</position>
		<position>bottom</position>
		<position>copyright</position>
	</positions>
	<config>
		<fields name="params">
			<fieldset name="basic">
				<field name="version_note" type="note" label="Version" description="2.0.0-beta-2&lt;br&gt;Download the latest release from &lt;a href=&quot;https://github.com/Lyquix/tpl_lyquix/releases/latest&quot; target=&quot;_blank&quot;&gt;https://github.com/Lyquix/tpl_lyquix/releases/latest&lt;/a&gt;" />
				<field name="version_2.0.0" type="note" label="2.0.0" description="&lt;ul&gt;&lt;li&gt;Refactor CSS library to use SASS, provide control over what library components to load, and prevent loading styles that need to be overriden&lt;/li&gt;&lt;li&gt;Add support for CSS Grid and FlexBox&lt;/li&gt;&lt;li&gt;Standardize all elements to box-sizing: border-box&lt;/li&gt;&lt;li&gt;Eliminate blk structure by columns and use only fractions and percentages&lt;/li&gt;&lt;li&gt;Implement non-blocking styles loading&lt;/li&gt;&lt;li&gt;Remove unused CSS styles&lt;/li&gt;&lt;li&gt;Refactor JS library: break up into multiple files, resturcture to expose only select functions and variables, provide control over what library modules to load&lt;/li&gt;&lt;li&gt;Add new JS functionality: autoresize, string functions, test geographic point is withing region, accordions, tabs, menus&lt;/li&gt;&lt;li&gt;Standardize Vue as the default framework for web apps&lt;/li&gt;&lt;li&gt;Implement async script loading&lt;/li&gt;&lt;li&gt;Add polyfill.io to normalize browsers JS support&lt;/li&gt;&lt;li&gt;Remove unused JS functionality&lt;/li&gt;&lt;li&gt;Single template file for tmpl=default and tmpl=component&lt;/li&gt;&lt;li&gt;Block directory listing with .htaccess (and eliminate index.html files)&lt;/li&gt;&lt;li&gt;Merge (concatenate) CSS and JS files to improve browser performance&lt;/li&gt;&lt;li&gt;Automatically download ip2geo database&lt;/li&gt;&lt;li&gt;Streamline naming convention and folder structure&lt;/li&gt;&lt;li&gt;Remove unused font libraries&lt;/li&gt;&lt;li&gt;Remove unused Joomla overrides&lt;/li&gt;&lt;li&gt;Simplify module positions&lt;/li&gt;&lt;li&gt;Add shell scripts for processing CSS and JS files&lt;/li&gt;&lt;/ul&gt;" />
			</fieldset>
			<fieldset name="mode_tab" label="Mode">
				<field name="tmpl_mode" type="radio" default="0" label="Template Mode" description="">
					<option value="0">Normal</option>
					<option value="1">Component Only</option>
				</field>
			</fieldset>
			<fieldset name="joomla_tab" label="Joomla">
				<field name="disable_mootools" type="radio" default="1" label="Disable MooTools" description="">
					<option value="0">No</option>
					<option value="1">Yes</option>
				</field>
				<field name="enable_jquery" type="radio" default="1" label="Enable jQuery" description="">
					<option value="0">No</option>
					<option value="1">Yes</option>
				</field>
				<field name="enable_jquery_ui" type="radio" default="" label="Enable jQuery UI" description="">
					<option value="">No</option>
					<option value="core">Core</option>
					<option value="core,sortable">Core + Sortable</option>
				</field>
				<field name="enable_bootstrap" type="radio" default="0" label="Enable Bootstrap" description="">
					<option value="0">No</option>
					<option value="1">Yes</option>
				</field>
				<field name="joomla_js" type="checkboxes" label="Joomla JavaScript" description="Check the additional Joomla Javascript libraries that should be loaded">
					<option value="caption">caption</option>
					<option value="tooltip">tooltip</option>
					<option value="combobox">combobox</option>
					<option value="formvalidation">formvalidation</option>
					<option value="switcher">switcher</option>
					<option value="multiselect">multiselect</option>
					<option value="switcher">switcher</option>
					<option value="tree">tree</option>
				</field>
			</fieldset>
			<fieldset name="responsive_tab" label="Responsiveness">
				<field name="min_screen" type="list" label="Minimum Screen Size" default="0" description="Select the minimum screen size that will be allowed">
					<option value="0">XS</option>
					<option value="1">SM</option>
					<option value="2">MD</option>
					<option value="3">LG</option>
					<option value="4">XL</option>
				</field>
				<field name="max_screen" type="list" label="Maximum Screen Size" default="4" description="Select the maximum screen size that will be allowed">
					<option value="0">XS</option>
					<option value="1">SM</option>
					<option value="2">MD</option>
					<option value="3">LG</option>
					<option value="4">XL</option>
				</field>
			</fieldset>
			<fieldset name="css_tab" label="CSS">
				<field name="merge_css" type="checkboxes" label="Merge CSS" description="Merge 3rd party CSS files">
					<option value="local">Local CSS Files</option>
					<option value="remote">Remote CSS Files</option>
					<option value="inline">Inline CSS Declarations</option>
				</field>
				<field name="non_min_css" type="radio" default="0" label="Use original CSS" description="Uses the original CSS file (styles.css) instead of the minified version (styles.min.css). Activate only for development.">
					<option value="0">No</option>
					<option value="1">Yes</option>
				</field>
				<field name="animatecss" type="radio" default="0" label="Load Animate.css library" description="">
					<option value="0">No</option>
					<option value="1">Yes</option>
				</field>
				<field name="add_css_libraries" type="textarea" default="" label="Additional CSS Libraries" description="Enter one URL per line for additional javascript libraries you need for your project. We recommend: a) remove the protcol (http or https) from the URL, b) use the minified version for the production site" />
				<field name="remove_css_libraries" type="textarea" default="" label="Remove CSS Libraries" description="Enter one URL per line for CSS libraries you want to remove from head include for your project. Use the same URL you see in the output HTML (it may be absolute or relative URL)" />
			</fieldset>
			<fieldset name="js_tab" label="JavaScript">
				<field name="merge_js" type="checkboxes" label="Merge JS" description="Merge 3rd party JS files">
					<option value="local">Local JS Files</option>
					<option value="remote">Remote JS Files</option>
					<option value="inline">Inline JS Declarations</option>
				</field>
				<field name="lqx_debug" type="radio" default="0" label="Enable lqx debug" description="Adds option debug:true to enable console messages from the Lyquix library.">
					<option value="0">No</option>
					<option value="1">Yes</option>
				</field>
				<field name="lqx_options" type="text" default="" label="Lyquix Library Options" description="Object of options to override Lyquix default settings" />
				<field name="non_min_js" type="radio" default="0" label="Use original JS" description="Uses the original JS files instead of the minified versions. Activate only for development.">
					<option value="0">No</option>
					<option value="1">Yes</option>
				</field>
				<field name="polyfill" type="radio" default="1" label="Use polyfill.io" description="">
					<option value="0">No</option>
					<option value="1">Yes</option>
				</field>
				<field name="lodash" type="radio" default="0" label="Load LoDash library" description="">
					<option value="0">No</option>
					<option value="1">Yes</option>
				</field>
				<field name="smoothscroll" type="radio" default="0" label="SmoothScroll library" description="">
					<option value="0">No</option>
					<option value="1">Yes</option>
				</field>
				<field name="momentjs" type="radio" default="0" label="Moment.js library" description="">
					<option value="0">No</option>
					<option value="1">Yes</option>
				</field>
				<field name="dotdotdot" type="radio" default="0" label="dotdotdot library" description="">
					<option value="0">No</option>
					<option value="1">Yes</option>
				</field>
				<field name="add_js_libraries" type="textarea" default="" label="Additional Javascript Libraries" description="Enter one URL per line for additional javascript libraries you need for your project. We recommend: a) remove the protcol (http or https) from the URL, b) use the minified version for the production site" />
				<field name="remove_js_libraries" type="textarea" default="" label="Remove Javascript Libraries" description="Enter one URL per line for Javascript libraries you want to remove from head include for your project. Use the same URL you see in the output HTML (it may be absolute or relative URL)" />
			</fieldset>
			<fieldset name="accounts_tab" label="Accounts">
				<field name="ga_account" type="text" default="" label="Google Analytics Account" description="Enter a Google Analytics property account number to load Google Analytics and send data to the account" />
				<field name="google_site_verification" type="text" default="" label="google-site-verification" description="Enter your Google Webmaster Tools site verification number" />
				<field name="msvalidate" type="text" default="" label="msvalidate.01" description="Enter your Bing/Yahoo site validation number" />
				<field name="p_domain_verify" type="text" default="" label="p:domain_verify" description="" />
			</fieldset>
			<fieldset name="ie_alerts" label="IE Alerts">
				<field name="ie9_alert" type="radio" default="1" label="IE9 alert" description="Shows an uprade alert for IE9">
					<option value="0">No</option>
					<option value="1">Yes</option>
				</field>
				<field name="ie10_alert" type="radio" default="1" label="IE10 alert" description="Shows an uprade alert for IE10">
					<option value="0">No</option>
					<option value="1">Yes</option>
				</field>
				<field name="ie11_alert" type="radio" default="0" label="IE11 alert" description="Shows an uprade alert for IE11">
					<option value="0">No</option>
					<option value="1">Yes</option>
				</field>
			</fieldset>
		</fields>
	</config>
</extension>