<update>
	<name>Lyquix Template</name>
	<description>Base template for Joomla!</description>
	<element>lyquix</element>
	<type>template</type>
	<folder></folder>
	<client>0</client>
	<version>0.1.1</version>
	<infourl title="Lyquix Template Repository">https://bitbucket.org/lyquix/tpl_lyquix</infourl>
	<downloads>
		<downloadurl type="upgrade" format="zip">https://bitbucket.org/lyquix/tpl_lyquix/raw/master/tpl_lyquix.zip</downloadurl>
	</downloads>
	<tags>
		<tag>beta</tag>
	</tags>
	<maintainer>Lyquix</maintainer>
	<maintainerurl>http://lyquix.com</maintainerurl>
	<targetplatform name="joomla" version=".*"/>
</update>
